{"accessibleDataDirectory":false,"activityMonitor":false,"activityTransitions":"NO_CHANGE","adaptiveIconsSupport":true,"addActivities":[],"addLauncherIcons":{},"addPadding":{"bottomPadding":0,"enabled":false,"inversePadding":false,"leftPadding":0,"rightPadding":0,"setValuesIndividually":false,"topPadding":0},"addPermissions":[],"addProviders":[],"addReceivers":[],"allowBackup":"NO_CHANGE","allowDarkMode":false,"allowInMultiAccountApps":false,"allowNotificationsWhenRunning":false,"allowScreenshots":false,"allowSharingImages":false,"allowTextSelection":false,"alwaysAllowCopyPaste":false,"appDataExportImport":true,"appPasswordAskOnlyOnce":false,"appShellGmsSupport":false,"appTranslator":false,"appValidFrom":0,"appValidUntil":0,"audioPlaybackCapture":"NO_CHANGE","autoIncognitoMode":false,"autoPressButtons":[],"autoRemoveFromRecents":false,"autoScroller":false,"autoStart":"NO_CHANGE","autoStartProfiling":false,"backAlwaysFinishes":false,"badge":"","batchAppendCloneNumber":false,"batchChangeIconHue":false,"batchSetBadge":false,"blockActivitiesNames":[],"blockAllNotifications":false,"blockAllToasts":false,"blockByDefault":false,"bringAppToFrontNotification":false,"bundleAppData":false,"bundleFilesDirectories":[],"bundleObb":false,"bundleOriginalApp":false,"changeAndroidId":true,"changeAndroidIdSeed":0,"changeBluetoothMacAddress":"CUSTOM","changeDefaultFont":false,"changeGoogleAdvertisingId":"CUSTOM","changeGoogleServiceFrameworkId":"CUSTOM","changeImei":"CUSTOM","changeImeiImsi":false,"changeImeiRandomizeClone":false,"changeImsi":"CUSTOM","changeImsiRandomizeClone":false,"changeWebViewUserAgent":"CUSTOM","changeWifiMacAddress":"CUSTOM","clearCacheOnExit":false,"clearCacheWhenNotUsed":false,"clearCacheWhenNotUsedTimeUnit":"DAYS","clearCacheWhenNotUsedValue":3,"clipboardTimeout":false,"cloneNumber":-1,"cloningMode":"MANIFEST","colorFilterBlue":0,"colorFilterBrightness":0,"colorFilterContrast":0,"colorFilterGreen":0,"colorFilterHue":0,"colorFilterRed":0,"colorFilterSaturation":0,"confirmExit":false,"customAndroidId":"c73229160221a19b","customBluetoothMacAddress":"7C:A3:5C:C0:83:5F","customFeatures":[],"customGoogleAdvertisingId":"c944fde4-5fa3-43ea-42d8-c058a5cd2f83","customGoogleServiceFrameworkId":"0DD56896064810AA","customImei":"038040173173750","customImsi":"167548341868869","customPermissions":[],"customWebViewUserAgent":"Mozilla/5.0 (Linux; Android) AppleWebKit/537.36 (KHTML, like Gecko) Chrome/80.0.####.****** Mobile Safari/537.36","customWifiMacAddress":"7D:ED:4E:D1:A7:68","dataDirectoryFtpServer":false,"databaseEditor":false,"debugUtils":false,"defaultNotificationLights":{"notificationLightsColor":"NO_CHANGE","notificationLightsPattern":"NO_CHANGE"},"deleteFilesDirectoriesOnExit":[],"densityDpiScale":1.0,"deviceLockCustomErrorMessage":"","deviceLockDeviceIdentifiers":[],"disableAccessibilityAccess":false,"disableAccessibilityServices":false,"disableAccountsAccess":false,"disableActivityTransitions":false,"disableAllNetworking":false,"disableAllNetworkingDisableDelay":0,"disableAllNetworkingEnableDelay":0,"disableAppDefaults":false,"disableAudioFocus":false,"disableAutoFill":false,"disableAutoStart":false,"disableBackgroundNetworking":false,"disableCalendarAccess":false,"disableCallLogSmsAccess":false,"disableCameras":false,"disableChromecastButton":false,"disableClearTextNetworking":false,"disableClipboardReadAccess":false,"disableClipboardWriteAccess":false,"disableConnectivityChangeEvents":false,"disableContactsAccess":false,"disableDeviceAdmin":false,"disableFullscreenEditing":false,"disableHapticFeedback":false,"disableHardwareAcceleration":false,"disableInAppSearch":false,"disableLogcatLogging":false,"disableMediaBrowserService":false,"disableMobileData":false,"disableNestedScrolling":false,"disableNetworkingWhenScreenOff":false,"disableNetworkingWithoutVpn":false,"disableNewPictureVideoEvents":false,"disableNfcEvents":false,"disablePermissionPrompts":false,"disablePhotoMediaAccess":false,"disableRuntimeModdingOptions":true,"disableScreenOnOffEvents":false,"disableSensorsAccess":false,"disableShareActions":false,"disableSignatureVerification":false,"disableSpaceManagement":false,"disableUsbAccessoryModeEvents":false,"disableUsbHostModeEvents":false,"disableWakeLocks":false,"disableWatchApp":false,"disableWidgets":false,"documentLaunchMode":false,"enableBatchCloning":false,"enableDisableNetworkingNotification":false,"enableTvVersion":false,"excludeFromRecents":false,"exitAppIfPasswordIncorrect":true,"exitAppOnScreenOff":false,"exitAppOnScreenOffDelaySeconds":0,"exitAppWhenStorageUnmounted":false,"expansionFiles":"COPY_CLONING","facebookLoginBehavior":"WEB_ONLY","fakeBatteryLevel":0,"fakeCalculator":false,"fakeCamera":false,"fakeDateDay":0,"fakeDateMonth":0,"fakeDateYear":0,"fileAccessMonitor":false,"fingerprintLongTapAction":"NONE","fingerprintTapAction":"NONE","flashlightWhileAppOpen":false,"flipIcon":false,"flipIconVertically":false,"flipScreenHorizontally":false,"flipScreenUsingNfcTag":false,"flipScreenUsingNotification":false,"flipScreenVertically":false,"floatingApp":false,"floatingAppLowerTargetSdk":false,"floatingAppNotchMargin":false,"floatingAppOpacity":1.0,"floatingBackButton":false,"floatingBackButtonColor":-7829368,"floatingBackButtonDoubleBackTap":false,"floatingBackButtonLongPressAction":"NONE","floatingBackButtonOpacity":0.5,"floatingBackButtonPositionPerScreen":false,"floatingBackButtonSize":"MEDIUM","flushLogcatBufferOnExit":false,"fontScale":1.0,"forceRotationLockUsingOverlay":false,"fpsMonitor":false,"fpsMonitorColor":-7829368,"fpsMonitorHorizontalAlignment":"RIGHT","fpsMonitorOpacity":1.0,"fpsMonitorSize":"MEDIUM","fpsMonitorVerticalAlignment":"BOTTOM","freeFormWindow":false,"freezeTime":false,"fromCloneNumber":1,"googlePlayServicesWorkaround":false,"gpsJoystick":false,"gpsJoystickColor":-7829368,"gpsJoystickHorizontalAlignment":"LEFT","gpsJoystickMaxSpeed":1.5,"gpsJoystickOpacity":1.0,"gpsJoystickSize":"MEDIUM","gpsJoystickVerticalAlignment":"BOTTOM","headphonesPluggedEventAction":"NONE","headphonesUnpluggedEventAction":"NONE","headsUpNotifications":false,"hideAllInstalledApps":false,"hideBluetoothMacAddress":false,"hideDeveloperMode":false,"hideEmulator":false,"hideFromClonedApps":true,"hideGooglePlayServices":false,"hideImei":false,"hideImsi":false,"hideMockLocation":false,"hideNotch":false,"hideOtherApps":[],"hidePasswordCharacters":false,"hidePowerSavingMode":false,"hideRoot":false,"hideScreenMirroring":false,"hideSimOperatorInfo":true,"hideVpnConnection":false,"hideWifiInfo":true,"hideWifiMacAddress":false,"hostMapperSilent":false,"hostsBlocker":false,"hostsBlockerAllowAllOtherHosts":false,"httpProxy":false,"httpProxyPort":8080,"iconEffect":"NONE","iconHue":180,"iconLightness":0.0,"iconRotation":180,"iconSaturation":0.0,"ignoreCrashes":true,"ignoreCrashesShowCrashMessages":false,"ignoreUpdates":true,"immersiveMode":false,"immersiveModeIgnoreNotch":false,"inAppLiveChat":false,"inAppLiveChatOpacity":1.0,"incognitoKeyboard":false,"incognitoMode":false,"installToSdCard":false,"interpretedMode":false,"invertColorsDarkMode":false,"invertColorsDarkModeEndTime":"07:00","invertColorsDarkModeExcludeWebViews":false,"invertColorsDarkModeSchedule":false,"invertColorsDarkModeStartTime":"21:00","invertToasts":false,"jobSchedulingMonitor":false,"jobSchedulingMultiplier":1.0,"joystickPointer":false,"joystickPointerColor":-7829368,"joystickPointerOpacity":1.0,"joystickPointerShowInitially":true,"joystickPointerSize":"MEDIUM","joystickPointerToggleKeyCode":23,"joystickPointerToggleLongPress":true,"keepAppLabel":false,"keepScreenOn":false,"keyboardAdjust":"NO_CHANGE","kioskMode":"DISABLED","language":"","largeHeapSupport":false,"largerAspectRatios":"NO_CHANGE","launchAppWhenStorageMounted":false,"launchQuickSettingsTile":false,"launchWithNfcTag":false,"launchWithUsbDeviceProductId":0,"launchWithUsbDeviceVendorId":0,"leanbackBannerImage":false,"leanbackLauncherSupport":false,"lightStatusBar":"NO_CHANGE","localActivities":true,"localBroadcastsServices":true,"localOnlyNotifications":false,"logGetPackageName":false,"logcatViewer":false,"longPressBackAction":"NONE","longPressBackForOptionsMenu":false,"longPressTimeout":0,"longPressToCopyText":false,"longPressToRevealPassword":false,"lowMemoryMode":false,"makeAssistApp":false,"makeCameraApp":false,"makeDebuggable":false,"makeHomeApp":false,"makeTestOnly":false,"makeWatchApp":false,"makeWebViewsDebuggable":false,"manifestEditor":false,"mappedColorResources":{},"mappedHosts":{},"mappedKeys":{},"markAsGame":false,"mergeCustomClassesDex":false,"mergeOriginalClassesDex":false,"minSdkVersion":0,"minimizeOnBack":"NO_CHANGE","mockEthernetConnection":"NO_CHANGE","mockMobileConnection":"NO_CHANGE","mockWifiConnection":"NO_CHANGE","multiWindow":false,"multiWindowNoPause":false,"muteMic":false,"muteOnStart":false,"muteWhileInForeground":false,"name":"Kuku TV PRO","navigationBarColorUseStatusBarColor":false,"newIdentity":false,"newIdentityClearCache":false,"newIdentityDeleteAppData":false,"newIdentityShowNotification":true,"noBackgroundServices":false,"noKill":false,"noRelayoutOnRotation":false,"notificationCategories":[],"notificationColorUseStatusBarColor":false,"notificationDots":false,"notificationFilter":"","notificationPriority":"NO_CHANGE","notificationQuietTime":false,"notificationQuietTimeEnd":"07:00","notificationQuietTimeStart":"21:00","notificationSnoozeTimeout":0,"notificationSound":"NO_CHANGE","notificationTextReplacements":[],"notificationTimeout":0,"notificationTintStatusBarIcon":false,"notificationVibration":"NO_CHANGE","notificationVisibility":"NO_CHANGE","ongoingNotifications":"NO_CHANGE","overrideBindAddress":"NO_CHANGE","overrideSharedPreferences":{},"packageNameCheckWorkaround":false,"palmRejectionWidthPercentage":0,"passwordProtectApp":false,"penButtonPressedEventAction":"NONE","penDetachedEventAction":"NONE","penInsertedEventAction":"NONE","persistentApp":false,"persistentAppAccessibilityService":false,"persistentClipboard":false,"pictureInPictureKeyCode":0,"pictureInPictureLongPress":false,"pictureInPictureNotification":false,"pictureInPictureSupport":false,"popupBlocker":false,"powerConnectedEventAction":"NONE","powerDisconnectedEventAction":"NONE","powerEventsDockUndockEvents":false,"preserveExpansionFiles":false,"pressBackAgainToExit":false,"preventAppFromChangingVolume":false,"preventImmersiveMode":false,"preventScreenshots":false,"privateClipboard":false,"promptKeepAppDataOnUninstall":false,"randomAndroidId":false,"randomizeBuildProps":false,"redirectExternalStorage":false,"remoteWelcomeMessageBlock":false,"removeAppClonerBranding":true,"removeLauncherIcon":false,"removeLauncherIconShortcuts":false,"removeNotificationActions":false,"removeNotificationIcon":false,"removeNotificationPeople":false,"removePermissions":[],"replaceLauncherIcon":false,"replaceNotificationIcon":false,"requestAllPermissions":false,"requestIgnoreBatteryOptimizations":false,"restoreAppDataOnEveryStart":false,"restoreAutoRotateOnExit":false,"restoreBluetoothStateOnExit":false,"restoreBrightnessOnExit":false,"restoreInterruptionFilterOnExit":false,"restoreWifiStateOnExit":false,"rotationLock":"NONE","rtlSupport":"NO_CHANGE","safeMode":true,"saveImagesToGallery":false,"saveImagesToGalleryMaxHeight":0,"saveImagesToGalleryMaxWidth":0,"saveImagesToGalleryScaleType":"CENTER_CROP","screenSaverDelayMinutes":0,"screenSaverExitApp":false,"screenSaverMuteVolume":false,"screenTextReplacements":[],"selectAllOnFocus":false,"setClipboardDataOnStart":"","shakeAction":"NONE","shakeSensitivity":"NORMAL","showAppInfoNotification":false,"showInPowerMenu":false,"showIpInfo":false,"showNotificationTime":false,"showOnLockScreen":false,"showOnSecondaryDisplay":false,"showOnSecondaryDisplayActivitiesNames":[],"showTouches":false,"signAsSystemApp":false,"simpleNotifications":false,"singleNotificationGroup":false,"skipDialogsStrings":[],"skipNativeLibraries":false,"sneezeToExitThreshold":0,"socksProxy":false,"socksProxyList":[],"socksProxyPort":1080,"splashScreen":false,"splashScreenBackgroundColor":-1,"splashScreenDuration":3,"splashScreenMargin":0.3,"spoofLocationInterval":10,"startForOutgoingCall":[],"startSound":false,"stealthMode":false,"stealthModeUseFingerprint":false,"stethoSupport":false,"stringsProperties":{"label_copy_identifier":"Copy identifier","app_data_status_importing_files":"Importing files…","app_data_export_success_message":"Successfully exported app data.","force_device_lock_title":"Clones are device-locked","app_data_status_preparing_files":"Preparing files…","force_device_lock_message3":"\u003cp dir\u003d\"ltr\"\u003eTo clone an app specifically for this device use the \u003cb\u003eDevice lock\u003c/b\u003e option with identifier \u003cb\u003e%s\u003c/b\u003e.\u003c/p\u003e\n","app_data_export_label":"Export app data","force_device_lock_message2":"Please use App Cloner to recreate the clone on this target device.","force_device_lock_message1":"This helps to prevent abuse and redistribution of cloned apps.","app_data_import_error_message":"Failed to import app data.","app_data_import_label":"Import app data","app_data_import_success_message":"Successfully imported app data.","force_device_lock_message4":"Clones created with Huge donation / Giant donation may still be installed on different target devices.","app_data_export_error_message":"Failed to export app data.","app_data_status_exporting_files":"Exporting files…"},"swipeToGoBack":false,"swipeToGoBackBorder":"LEFT","swipeToGoBackDirection":"RIGHT","swipeToGoBackDoubleBack":false,"targetSdkVersion":0,"taskerStartTaskName":"","taskerStopTaskName":"","toCloneNumber":1,"toastDuration":"NO_CHANGE","toastFilter":"","toastHorizontalAlignment":"CENTER","toastOpacity":1.0,"toastPosition":false,"toastVerticalAlignment":"BOTTOM","toolbarColorUseStatusBarColor":false,"transparentNavigationBar":false,"trustAllCertificates":false,"twitterLoginBehavior":"WEB_ONLY","useAndHook":false,"versionCode":0,"viewModifications":[],"volumeControlIndicator":"NO_CHANGE","volumeControlIndicatorStep":1,"volumeDownKeyAction":"NONE","volumeRockerLocker":"NONE","volumeUpDownKeyAction":"NONE","volumeUpKeyAction":"NONE","waitForDebugger":false,"welcomeMessageDelay":2000,"welcomeMessageMode":"DIALOG","welcomeMessageShowDialogAlways":false,"wideColorGamut":false,"xmlResourceEditor":false,"zoomableImageViews":false,"zoomableImageViewsMaxScale":3.0}